Label,# Samples,Average,Min,Max,Std. Dev.,Error %,Throughput,Received KB/sec,Sent KB/sec,Avg. Bytes
Home,250,45,18,152,18.85,0.000%,19.73476,175.72,2.83,9118.0
Login,250,78,36,253,28.73,0.000%,19.75192,201.53,19.69,10448.0
List Products,250,79,27,204,32.27,0.000%,19.77379,2304.47,14.88,119338.8
Look at Product,250,141,46,366,51.55,0.000%,19.73321,2152.89,14.61,111718.1
Add Product to Cart,250,149,49,326,50.83,0.000%,19.72542,525.47,33.47,27278.5
List Products with different page,250,81,30,180,31.39,0.000%,19.76285,2298.33,17.30,119086.8
Add Product 2 to Cart,250,156,45,337,52.64,0.000%,19.74724,539.41,38.18,27971.5
Logout,250,60,23,137,21.52,0.000%,19.79414,209.21,35.22,10823.0
TOTAL,2000,99,18,366,55.80,0.000%,154.38055,8212.45,172.10,54472.8
