Label,# Samples,Average,Min,Max,Std. Dev.,Error %,Throughput,Received KB/sec,Sent KB/sec,Avg. Bytes
Home,250,46,18,152,22.01,0.000%,19.29608,171.82,2.77,9118.0
Login,250,78,31,203,28.29,0.000%,19.30502,196.97,19.25,10448.0
List Products,250,76,25,261,32.22,0.000%,19.32292,2278.56,14.54,120750.4
Look at Product,250,149,35,413,60.27,0.000%,19.32741,2135.94,14.32,113165.7
Add Product to Cart,250,150,45,309,55.29,0.000%,19.37684,516.43,32.88,27291.5
List Products with different page,250,82,28,202,32.94,0.000%,19.43861,2285.90,17.02,120418.0
Add Product 2 to Cart,250,159,42,380,59.67,0.000%,19.41597,530.26,37.55,27966.1
Logout,250,60,24,177,23.88,0.000%,19.44164,205.49,34.59,10823.0
TOTAL,2000,100,18,413,59.66,0.000%,151.41192,8132.12,168.82,54997.6
