Label,# Samples,Average,Min,Max,Std. Dev.,Error %,Throughput,Received KB/sec,Sent KB/sec,Avg. Bytes
Home,250,46,17,135,18.64,0.000%,19.14828,170.50,2.75,9118.0
Login,250,77,34,175,25.73,0.000%,19.16884,195.58,19.11,10448.0
List Products,250,82,26,181,31.53,0.000%,19.17325,2250.52,14.43,120195.3
Look at Product,250,151,42,462,61.51,0.000%,19.17178,2107.73,14.20,112577.6
Add Product to Cart,250,160,42,426,61.86,0.000%,19.16443,510.53,32.52,27278.7
List Products with different page,250,82,30,186,32.51,0.000%,19.28120,2256.93,16.88,119862.7
Add Product 2 to Cart,250,171,46,423,67.85,0.000%,19.27971,526.57,37.28,27967.4
Logout,250,61,23,167,25.03,0.000%,19.31397,204.14,34.41,10823.0
TOTAL,2000,104,17,462,63.79,0.000%,149.83518,8016.16,167.08,54783.8
