Label,# Samples,Average,Min,Max,Std. Dev.,Error %,Throughput,Received KB/sec,Sent KB/sec,Avg. Bytes
Home,500,1496,33,3797,737.32,0.000%,7.70962,68.65,1.11,9118.0
Login,500,1591,51,3895,772.59,0.000%,7.39897,75.51,7.34,10450.6
List Products,500,1067,66,2998,610.03,0.000%,7.12433,830.39,5.32,119353.9
Look at Product,500,1085,84,3024,552.74,0.000%,7.07704,772.32,5.20,111749.7
Add Product to Cart,500,1817,109,4440,821.97,0.000%,7.02760,187.00,11.88,27248.3
List Products with different page,500,1124,70,3192,632.14,0.000%,7.02099,818.08,6.14,119315.6
Add Product 2 to Cart,500,1779,98,3907,800.26,0.000%,7.00899,191.22,13.54,27937.3
Logout,500,1616,76,4053,784.03,0.000%,7.01548,74.15,12.47,10823.7
TOTAL,4000,1447,33,4440,776.77,0.000%,55.53550,2955.73,61.72,54499.6
