Label,# Samples,Average,Min,Max,Std. Dev.,Error %,Throughput,Received KB/sec,Sent KB/sec,Avg. Bytes
Home,500,1929,42,15490,1844.41,0.000%,5.99535,53.38,0.86,9118.0
Login,500,2068,59,15884,1903.90,0.000%,5.92684,60.49,5.88,10450.6
List Products,500,1453,35,14743,1724.68,0.000%,5.87413,676.32,4.39,117898.8
Look at Product,500,1701,63,14365,2106.85,0.000%,5.84515,629.51,4.30,110282.9
Add Product to Cart,500,2717,124,16187,3100.02,0.000%,5.81098,154.73,9.82,27266.6
List Products with different page,500,1690,84,13913,2355.44,0.000%,5.80781,667.81,5.08,117743.7
Add Product 2 to Cart,500,2248,143,16107,2301.94,0.000%,5.80356,158.45,11.21,27957.5
Logout,500,1910,60,16082,1735.67,0.000%,5.81220,61.43,10.33,10823.1
TOTAL,4000,1965,35,16187,2207.33,0.000%,46.09729,2428.33,51.24,53942.6
