Label,# Samples,Average,Min,Max,Std. Dev.,Error %,Throughput,Received KB/sec,Sent KB/sec,Avg. Bytes
Home,500,1855,94,4471,940.29,0.000%,6.54048,58.24,0.94,9118.0
Login,500,2021,224,4661,973.28,0.000%,6.41667,65.49,6.36,10450.6
List Products,500,1362,81,3517,770.84,0.000%,6.42088,749.47,4.80,119525.0
Look at Product,500,1370,162,3633,720.51,0.000%,6.44089,704.88,4.73,112064.7
Add Product to Cart,500,2086,311,4472,931.03,0.000%,6.41503,170.78,10.84,27260.8
List Products with different page,500,1339,67,3960,809.71,0.000%,6.46956,754.06,5.66,119352.4
Add Product 2 to Cart,500,2133,128,4794,1069.00,0.000%,6.47685,176.76,12.51,27946.8
Logout,500,1948,51,4930,1053.74,0.000%,6.51186,68.83,11.58,10823.7
TOTAL,4000,1764,51,4930,972.43,0.000%,49.89646,2658.92,55.46,54567.7
