Label,# Samples,Average,Min,Max,Std. Dev.,Error %,Throughput,Received KB/sec,Sent KB/sec,Avg. Bytes
Home,25000,42790,6,282748,54433.60,30.384%,25.97381,180.81,2.60,7128.3
Login,25000,24727,7,282631,44508.23,15.940%,25.97376,238.74,10.78,9412.1
List Products,25000,9025,0,282629,29154.73,16.960%,25.97076,2507.17,5.14,98854.9
Look at Product,25000,6402,0,281351,18076.03,15.240%,25.96604,2215.91,4.95,87386.8
Add Product to Cart,25000,15233,7,282631,35596.65,14.648%,25.96399,558.71,25.01,22035.0
List Products with different page,25000,4905,0,282629,13684.97,14.608%,25.96677,2579.07,17.39,101705.5
Add Product 2 to Cart,25000,14004,6,282620,28691.14,14.292%,25.96930,575.31,39.74,22685.0
Logout,25000,13089,7,286453,28514.72,5.996%,25.97583,262.89,37.88,10363.4
TOTAL,200000,16272,0,286453,35849.71,16.009%,207.63494,9113.71,143.40,44946.4
