Label,# Samples,Average,Min,Max,Std. Dev.,Error %,Throughput,Received KB/sec,Sent KB/sec,Avg. Bytes
Home,50,26,19,75,9.05,0.000%,4.81603,42.88,0.69,9118.0
Login,50,44,38,68,5.59,0.000%,4.82160,49.20,4.80,10448.1
List Products,50,36,28,54,6.14,0.000%,4.82532,559.05,3.63,118639.0
Look at Product,50,52,39,84,7.84,0.000%,4.82439,522.95,3.56,110999.5
Add Product to Cart,50,60,49,84,8.26,0.000%,4.82486,130.10,8.17,27610.6
List Products with different page,50,41,30,87,11.19,0.000%,4.83980,555.83,4.23,117602.0
Add Product 2 to Cart,50,63,48,95,8.95,0.000%,4.82952,133.43,9.32,28291.1
Logout,50,32,24,55,5.94,0.000%,4.84355,51.19,8.63,10823.0
TOTAL,400,44,19,95,14.81,0.000%,37.35176,1976.70,41.59,54191.4
