Label,# Samples,Average,Min,Max,Std. Dev.,Error %,Throughput,Received KB/sec,Sent KB/sec,Avg. Bytes
Home,50,39,22,133,19.72,0.000%,4.47147,39.82,0.64,9118.0
Login,50,68,41,133,21.17,0.000%,4.47868,45.70,4.46,10447.8
List Products,50,66,32,171,23.88,0.000%,4.49762,524.14,3.39,119334.3
Look at Product,50,103,48,207,35.26,0.000%,4.49681,490.73,3.33,111747.2
Add Product to Cart,50,110,56,243,39.18,0.000%,4.53309,122.10,7.69,27581.1
List Products with different page,50,64,33,119,18.61,0.000%,4.55415,527.48,3.99,118603.2
Add Product 2 to Cart,50,114,64,219,35.30,0.000%,4.55000,125.51,8.78,28247.5
Logout,50,49,29,165,21.24,0.000%,4.57080,48.31,8.13,10823.0
TOTAL,400,77,22,243,38.73,0.000%,34.62904,1842.64,38.59,54487.8
