Label,# Samples,Average,Min,Max,Std. Dev.,Error %,Throughput,Received KB/sec,Sent KB/sec,Avg. Bytes
Home,50,26,18,66,8.28,0.000%,4.73619,42.17,0.68,9118.0
Login,50,48,34,99,10.07,0.000%,4.74608,48.42,4.73,10448.0
List Products,50,40,27,99,12.79,0.000%,4.75014,551.50,3.58,118888.5
Look at Product,50,56,42,106,12.66,0.000%,4.76100,518.83,3.53,111591.5
Add Product to Cart,50,63,48,88,10.63,0.000%,4.76508,128.49,8.09,27612.2
List Products with different page,50,39,27,62,7.35,0.000%,4.77966,554.48,4.18,118792.5
Add Product 2 to Cart,50,65,47,125,13.42,0.000%,4.77145,131.83,9.20,28291.4
Logout,50,34,23,81,11.44,0.000%,4.78377,50.56,8.52,10823.0
TOTAL,400,46,18,125,17.05,0.000%,36.84938,1959.27,41.07,54445.6
