Label,# Samples,Average,Min,Max,Std. Dev.,Error %,Throughput,Received KB/sec,Sent KB/sec,Avg. Bytes
Home,50,68,28,185,38.68,0.000%,3.65524,32.55,0.52,9118.0
Login,50,114,54,283,43.08,0.000%,3.69085,37.66,3.68,10448.1
List Products,50,128,45,260,49.02,0.000%,3.70535,431.44,2.78,119231.7
Look at Product,50,205,54,471,79.10,0.000%,3.71913,406.79,2.75,112003.7
Add Product to Cart,50,215,67,444,75.41,0.000%,3.72800,100.53,6.32,27613.0
List Products with different page,50,115,40,264,41.22,0.000%,3.75094,436.89,3.29,119269.7
Add Product 2 to Cart,50,241,67,503,94.94,0.000%,3.77586,104.32,7.29,28291.5
Logout,50,80,31,158,26.36,0.000%,3.79449,40.11,6.76,10823.0
TOTAL,400,146,28,503,86.02,0.000%,28.47380,1518.23,31.72,54599.8
