Label,# Samples,Average,Min,Max,Std. Dev.,Error %,Throughput,Received KB/sec,Sent KB/sec,Avg. Bytes
Home,50,27,19,61,7.72,0.000%,4.70411,41.89,0.68,9118.0
Login,50,50,35,109,12.15,0.000%,4.70234,47.98,4.68,10448.0
List Products,50,40,29,79,8.84,0.000%,4.70898,550.50,3.55,119708.8
Look at Product,50,60,43,97,11.49,0.000%,4.70544,517.21,3.48,112556.3
Add Product to Cart,50,65,47,129,13.10,0.000%,4.69307,126.56,7.96,27614.3
List Products with different page,50,47,31,196,24.07,0.000%,4.70898,551.11,4.12,119842.0
Add Product 2 to Cart,50,70,52,147,14.67,0.000%,4.68647,129.55,9.07,28307.6
Logout,50,33,24,57,5.65,0.000%,4.70455,49.72,8.39,10823.0
TOTAL,400,49,19,196,19.55,0.000%,36.25816,1940.46,40.44,54802.3
