Label,# Samples,Average,Min,Max,Std. Dev.,Error %,Throughput,Received KB/sec,Sent KB/sec,Avg. Bytes
Home,5000,1990,19,7467,1181.16,0.000%,21.95496,195.49,3.15,9118.0
Login,5000,3347,34,10865,2004.91,0.000%,21.86892,228.17,11.64,10684.1
List Products,5000,2526,32,13205,1674.84,0.000%,21.82091,2530.77,6.17,118762.8
Look at Product,5000,3178,51,14387,1619.11,0.000%,21.77530,2203.33,5.89,103613.4
Add Product to Cart,5000,4538,47,10670,2165.41,0.000%,21.70695,533.66,24.99,25175.0
List Products with different page,5000,2601,38,13155,1687.71,0.000%,21.69856,2521.07,17.35,118974.7
Add Product 2 to Cart,5000,4620,55,12727,2204.13,0.000%,21.68943,547.92,38.65,25868.5
Logout,5000,3433,22,10830,2031.59,0.000%,21.69404,230.51,35.53,10880.7
TOTAL,40000,3279,19,14387,2045.44,0.000%,173.27044,8948.58,142.96,52884.7
