Label,# Samples,Average,Min,Max,Std. Dev.,Error %,Throughput,Received KB/sec,Sent KB/sec,Avg. Bytes
Home,5000,1571,18,4145,879.59,0.000%,24.43614,217.59,3.51,9118.0
Login,5000,2730,31,7239,1581.21,0.000%,24.31256,253.67,12.95,10684.1
List Products,5000,1988,35,6300,1031.12,0.000%,24.23843,2814.32,6.85,118896.6
Look at Product,5000,2627,52,8776,1159.91,0.000%,24.18988,2450.54,6.55,103735.8
Add Product to Cart,5000,3796,58,9485,1821.00,0.000%,24.18508,594.58,27.85,25174.4
List Products with different page,5000,2045,39,5847,1040.85,0.000%,24.18590,2812.22,19.34,119065.9
Add Product 2 to Cart,5000,3879,72,8969,1844.43,0.000%,24.18263,610.85,43.10,25866.0
Logout,5000,2776,21,7242,1615.36,0.000%,24.20171,257.16,39.65,10880.5
TOTAL,40000,2677,18,9485,1616.49,0.000%,193.03901,9977.64,159.29,52927.7
