Label,# Samples,Average,Min,Max,Std. Dev.,Error %,Throughput,Received KB/sec,Sent KB/sec,Avg. Bytes
Home,5000,1684,21,5127,911.40,0.000%,23.48962,209.16,3.37,9118.0
Login,5000,2914,37,7292,1675.73,0.000%,23.39313,244.08,12.46,10684.1
List Products,5000,2067,32,6602,1061.95,0.000%,23.37093,2711.90,6.61,118822.0
Look at Product,5000,2753,51,6891,1230.27,0.000%,23.36154,2364.45,6.32,103640.5
Add Product to Cart,5000,4029,59,9992,1953.43,0.000%,23.35728,574.26,26.90,25176.0
List Products with different page,5000,2127,26,6953,1097.71,0.000%,23.36219,2714.75,18.69,118991.4
Add Product 2 to Cart,5000,4093,47,10450,2003.21,0.000%,23.36110,590.23,41.64,25871.7
Logout,5000,2947,24,8192,1695.59,0.000%,23.36460,248.26,38.26,10880.6
TOTAL,40000,2827,21,10450,1718.95,0.000%,186.54976,9636.83,153.92,52898.0
