Label,# Samples,Average,Min,Max,Std. Dev.,Error %,Throughput,Received KB/sec,Sent KB/sec,Avg. Bytes
Home,2500,657,21,2880,407.76,0.000%,25.06391,223.18,3.60,9118.0
Login,2500,1051,34,3691,616.98,0.000%,25.05286,260.76,14.62,10658.1
List Products,2500,1053,32,3731,581.05,0.000%,25.04408,2908.73,8.37,118932.0
Look at Product,2500,1531,49,4643,751.47,0.000%,25.02503,2557.69,8.05,104658.2
Add Product to Cart,2500,1922,45,5675,961.73,0.000%,25.02979,620.97,30.30,25404.5
List Products with different page,2500,1093,28,3934,601.35,0.000%,25.03781,2911.04,20.22,119056.3
Add Product 2 to Cart,2500,1973,45,5571,971.69,0.000%,25.03705,638.10,45.00,26098.0
Logout,2500,1066,18,3550,647.71,0.000%,25.04608,265.90,41.37,10871.4
TOTAL,20000,1293,18,5675,838.72,0.000%,199.56893,10348.66,170.89,53099.6
