Label,# Samples,Average,Min,Max,Std. Dev.,Error %,Throughput,Received KB/sec,Sent KB/sec,Avg. Bytes
Home,2500,673,20,3481,419.90,0.000%,25.08831,223.39,3.60,9118.0
Login,2500,1113,41,4937,641.66,0.000%,25.07221,260.96,14.63,10658.1
List Products,2500,1059,30,4043,610.60,0.000%,24.96979,2892.34,8.35,118613.4
Look at Product,2500,1581,51,5325,801.57,0.000%,24.85411,2531.57,8.01,104301.6
Add Product to Cart,2500,1995,44,6271,1011.62,0.000%,24.79618,615.18,30.04,25405.1
List Products with different page,2500,1083,36,4829,640.04,0.000%,24.80060,2876.86,20.04,118783.4
Add Product 2 to Cart,2500,2073,66,6686,1055.91,0.000%,24.79322,631.91,44.59,26098.9
Logout,2500,1135,22,4518,695.81,0.000%,24.80183,263.38,41.02,10874.1
TOTAL,20000,1339,20,6686,890.41,0.000%,197.58355,10222.94,169.31,52981.6
