Label,# Samples,Average,Min,Max,Std. Dev.,Error %,Throughput,Received KB/sec,Sent KB/sec,Avg. Bytes
Home,2500,666,18,2780,424.94,0.000%,24.42241,217.46,3.51,9118.0
Login,2500,1120,34,4371,680.79,0.000%,24.37811,253.74,14.23,10658.1
List Products,2500,1063,32,4003,641.90,0.000%,24.34606,2815.62,8.14,118425.7
Look at Product,2500,1643,47,6309,887.05,0.000%,24.27208,2465.25,7.82,104004.8
Add Product to Cart,2500,2034,52,6340,1055.78,0.000%,24.24948,601.63,29.37,25405.5
List Products with different page,2500,1092,36,4875,643.97,0.000%,24.24830,2807.28,19.59,118550.8
Add Product 2 to Cart,2500,2105,58,6628,1092.68,0.000%,24.24431,617.87,43.60,26097.0
Logout,2500,1110,21,4375,689.04,0.000%,24.25913,257.57,40.10,10872.2
TOTAL,20000,1354,18,6628,928.21,0.000%,193.27593,9983.06,165.59,52891.5
